Workbook

Sheet Hardware Inventory
A1: Item Code | B1: Description | C1: Quantity | D1: Buying Price (KES)-per Item | E1: Buying Price (KES)- | F1: Selling Price (KES)-per Item | G1: Final selling price - Per Item | H1: Selling Price (KES)-Total | I1: Final selling price - total | J1: Profit (KES)- per item | K1: Final Profit (KES) -per item | L1: Profit (KES)- total | M1: Final Profit (KES) -total
A2: 0203002 | B2: VESTA EMULSION WHITE 4 LTRS | C2: 9 | D2: 460 | E2: =C2*D2 -> 4140 | F2: 700 | G2: 650 | H2: =F2*C2 -> 6300 | I2: =G2*C2 -> 5850 | J2: =F2-D2 -> 240 | K2: =G2-D2 -> 190 | L2: =H2-E2 -> 2160 | M2: =I2-E2 -> 1710
A3: 0203019 | B3: VESTA EMULSION CREAM 4 LTS | C3: 6 | D3: 460 | E3: =C3*D3 -> 2760 | F3: 700 | G3: 650 | H3: =F3*C3 -> 4200 | I3: =G3*C3 -> 3900 | J3: =F3-D3 -> 240 | K3: =G3-D3 -> 190 | L3: =H3-E3 -> 1440 | M3: =I3-E3 -> 1140
A4: 0201431 | B4: DURA S/FAST WHITE 1 LTRS | C4: 8 | D4: 265 | E4: =C4*D4 -> 2120 | F4: 350 | G4: 320 | H4: =F4*C4 -> 2800 | I4: =G4*C4 -> 2560 | J4: =F4-D4 -> 85 | K4: =G4-D4 -> 55 | L4: =H4-E4 -> 680 | M4: =I4-E4 -> 440
A5: 0203005 | B5: VESTA GLOSS TRUE BLUE 4 LTS | C5: 2 | D5: 1000 | E5: =C5*D5 -> 2000 | F5: 1350 | G5: 1200 | H5: =F5*C5 -> 2700 | I5: =G5*C5 -> 2400 | J5: =F5-D5 -> 350 | K5: =G5-D5 -> 200 | L5: =H5-E5 -> 700 | M5: =I5-E5 -> 400
A6: 0203020 | B6: VESTA GLOSS CREAM 4 LTS | C6: 2 | D6: 1000 | E6: =C6*D6 -> 2000 | F6: 1350 | G6: 1200 | H6: =F6*C6 -> 2700 | I6: =G6*C6 -> 2400 | J6: =F6-D6 -> 350 | K6: =G6-D6 -> 200 | L6: =H6-E6 -> 700 | M6: =I6-E6 -> 400
A7: 0201079 | B7: BASCO PG DEEP BLUE 1 LTR | C7: 1 | D7: 300 | E7: =C7*D7 -> 300 | F7: 420 | G7: 380 | H7: =F7*C7 -> 420 | I7: =G7*C7 -> 380 | J7: =F7-D7 -> 120 | K7: =G7-D7 -> 80 | L7: =H7-E7 -> 120 | M7: =I7-E7 -> 80
A8: 0201108 | B8: BASCO PG RUBY RED 1 LTR | C8: 2 | D8: 300 | E8: =C8*D8 -> 600 | F8: 420 | G8: 380 | H8: =F8*C8 -> 840 | I8: =G8*C8 -> 760 | J8: =F8-D8 -> 120 | K8: =G8-D8 -> 80 | L8: =H8-E8 -> 240 | M8: =I8-E8 -> 160
A9: 0201009 | B9: BASCO PG CREAM 1 LTR | C9: 3 | D9: 300 | E9: =C9*D9 -> 900 | F9: 420 | G9: 380 | H9: =F9*C9 -> 1260 | I9: =G9*C9 -> 1140 | J9: =F9-D9 -> 120 | K9: =G9-D9 -> 80 | L9: =H9-E9 -> 360 | M9: =I9-E9 -> 240
A10: 0201080 | B10: BASCO PG BERM/BLUE 1 LTR | C10: 1 | D10: 300 | E10: =C10*D10 -> 300 | F10: 420 | G10: 380 | H10: =F10*C10 -> 420 | I10: =G10*C10 -> 380 | J10: =F10-D10 -> 120 | K10: =G10-D10 -> 80 | L10: =H10-E10 -> 120 | M10: =I10-E10 -> 80
A11: 0201212 | B11: BASCO PG CREAM 1/2 LTR | C11: 5 | D11: 175 | E11: =C11*D11 -> 875 | F11: 295 | G11: 240 | H11: =F11*C11 -> 1475 | I11: =G11*C11 -> 1200 | J11: =F11-D11 -> 120 | K11: =G11-D11 -> 65 | L11: =H11-E11 -> 600 | M11: =I11-E11 -> 325
A12: 0206574 | B12: BASCO W.A LIGHT OAK 1/2 LTR | C12: 10 | D12: 95 | E12: =C12*D12 -> 950 | F12: 180 | G12: 150 | H12: =F12*C12 -> 1800 | I12: =G12*C12 -> 1500 | J12: =F12-D12 -> 85 | K12: =G12-D12 -> 55 | L12: =H12-E12 -> 850 | M12: =I12-E12 -> 550
A13: 0206574 | B13: CROWN WALLPLAST PUTTY 2.5KG | C13: 10 | D13: 175 | E13: =C13*D13 -> 1750 | F13: 295 | G13: 250 | H13: =F13*C13 -> 2950 | I13: =G13*C13 -> 2500 | J13: =F13-D13 -> 120 | K13: =G13-D13 -> 75 | L13: =H13-E13 -> 1200 | M13: =I13-E13 -> 750
... A68: TET-026 | B68: Burner | C68: 10 | D68: 130 | E68: =C68*D68 -> 1300 | F68: 250 | G68: 230 | H68: =F68*C68 -> 2500 | I68: =G68*C68 -> 2300 | J68: =F68-D68 -> 120 | K68: =G68-D68 -> 100 | L68: =H68-E68 -> 1200 | M68: =I68-E68 -> 1000
A69: total | C69: =SUM(C2:C68) -> 867 | D69: =SUM(D2:D68) -> 16773 | E69: =SUM(E2:E68) -> 112048 | F69: =SUM(F2:F68) -> 26470 | G69: =SUM(G2:G68) -> 23725 | H69: =SUM(H2:H68) -> 198600 | I69: =SUM(I2:I68) -> 197510 | J69: =SUM(J2:J68) -> 9697 | ... M69: =SUM(M2:M68) -> 85462

Sheet Summary
A1: Summary
A2: title | B2: Amount | C2: Column1 | D2: Column4
A3: Total Buying Price | B3: =SUM('Hardware Inventory'!E2:'Hardware Inventory'!E68) -> 112048
A4: Total selling Price | B4: =SUM('Hardware Inventory'!H2:'Hardware Inventory'!H68) -> 198600
A5: Final Price totals | B5: =SUM('Hardware Inventory'!I2:'Hardware Inventory'!I68) -> 197510
A6: Profit | B6: =SUM('Hardware Inventory'!L2:'Hardware Inventory'!L68) -> 86552
A7: Final Price totals | B7: =SUM('Hardware Inventory'!M2:'Hardware Inventory'!M68) -> 85462
